TIME,GEO,UNIT,INDIC_NRG,Value,Flag and Footnotes
2017M01,Slovenija,Number,Heating degree days,681.19
2017M01,Slovenija,Number,Cooling degree days,0.00
2017M01,Vzhodna Slovenija (NUTS 2010),Number,Heating degree days,696.39
2017M01,Vzhodna Slovenija (NUTS 2010),Number,Cooling degree days,0.00
2017M01,Pomurska (NUTS 2010),Number,Heating degree days,703.18
2017M01,Pomurska (NUTS 2010),Number,Cooling degree days,0.00
2017M01,Podravska (NUTS 2010),Number,Heating degree days,706.09
2017M01,Podravska (NUTS 2010),Number,Cooling degree days,0.00
2017M01,Koroska (NUTS 2010),Number,Heating degree days,716.37
2017M01,Koroska (NUTS 2010),Number,Cooling degree days,0.00
2017M01,Savinjska (NUTS 2010),Number,Heating degree days,703.89
2017M01,Savinjska (NUTS 2010),Number,Cooling degree days,0.00
2017M01,Zasavska (NUTS 2010),Number,Heating degree days,697.86
2017M01,Zasavska (NUTS 2010),Number,Cooling degree days,0.00
2017M01,Spodnjeposavska (NUTS 2010),Number,Heating degree days,673.27
2017M01,Spodnjeposavska (NUTS 2010),Number,Cooling degree days,0.00
2017M01,Jugovzhodna Slovenija (NUTS 2010),Number,Heating degree days,692.79
2017M01,Jugovzhodna Slovenija (NUTS 2010),Number,Cooling degree days,0.00
2017M01,Notranjsko-kraska (NUTS 2010),Number,Heating degree days,669.81
2017M01,Notranjsko-kraska (NUTS 2010),Number,Cooling degree days,0.00
2017M01,Zahodna Slovenija (NUTS 2010),Number,Heating degree days,658.13
2017M01,Zahodna Slovenija (NUTS 2010),Number,Cooling degree days,0.00
2017M01,Osrednjeslovenska (NUTS 2010),Number,Heating degree days,675.78
2017M01,Osrednjeslovenska (NUTS 2010),Number,Cooling degree days,0.00
2017M01,Gorenjska (NUTS 2010),Number,Heating degree days,696.04
2017M01,Gorenjska (NUTS 2010),Number,Cooling degree days,0.00
2017M01,Goriska (NUTS 2010),Number,Heating degree days,650.10
2017M01,Goriska (NUTS 2010),Number,Cooling degree days,0.00
2017M01,Obalno-kraska (NUTS 2010),Number,Heating degree days,554.62
2017M01,Obalno-kraska (NUTS 2010),Number,Cooling degree days,0.00
2017M02,Slovenija,Number,Heating degree days,390.97
2017M02,Slovenija,Number,Cooling degree days,0.00
2017M02,Vzhodna Slovenija (NUTS 2010),Number,Heating degree days,391.85
2017M02,Vzhodna Slovenija (NUTS 2010),Number,Cooling degree days,0.00
2017M02,Pomurska (NUTS 2010),Number,Heating degree days,388.56
2017M02,Pomurska (NUTS 2010),Number,Cooling degree days,0.00
2017M02,Podravska (NUTS 2010),Number,Heating degree days,388.42
2017M02,Podravska (NUTS 2010),Number,Cooling degree days,0.00
2017M02,Koroska (NUTS 2010),Number,Heating degree days,416.84
2017M02,Koroska (NUTS 2010),Number,Cooling degree days,0.00
2017M02,Savinjska (NUTS 2010),Number,Heating degree days,395.66
2017M02,Savinjska (NUTS 2010),Number,Cooling degree days,0.00
2017M02,Zasavska (NUTS 2010),Number,Heating degree days,386.83
2017M02,Zasavska (NUTS 2010),Number,Cooling degree days,0.00
2017M02,Spodnjeposavska (NUTS 2010),Number,Heating degree days,364.76
2017M02,Spodnjeposavska (NUTS 2010),Number,Cooling degree days,0.00
2017M02,Jugovzhodna Slovenija (NUTS 2010),Number,Heating degree days,389.28
2017M02,Jugovzhodna Slovenija (NUTS 2010),Number,Cooling degree days,0.00
2017M02,Notranjsko-kraska (NUTS 2010),Number,Heating degree days,398.36
2017M02,Notranjsko-kraska (NUTS 2010),Number,Cooling degree days,0.00
2017M02,Zahodna Slovenija (NUTS 2010),Number,Heating degree days,389.63
2017M02,Zahodna Slovenija (NUTS 2010),Number,Cooling degree days,0.00
2017M02,Osrednjeslovenska (NUTS 2010),Number,Heating degree days,387.51
2017M02,Osrednjeslovenska (NUTS 2010),Number,Cooling degree days,0.00
2017M02,Gorenjska (NUTS 2010),Number,Heating degree days,418.03
2017M02,Gorenjska (NUTS 2010),Number,Cooling degree days,0.00
2017M02,Goriska (NUTS 2010),Number,Heating degree days,388.99
2017M02,Goriska (NUTS 2010),Number,Cooling degree days,0.00
2017M02,Obalno-kraska (NUTS 2010),Number,Heating degree days,337.78
2017M02,Obalno-kraska (NUTS 2010),Number,Cooling degree days,0.00
2017M03,Slovenija,Number,Heating degree days,282.83
2017M03,Slovenija,Number,Cooling degree days,0.00
2017M03,Vzhodna Slovenija (NUTS 2010),Number,Heating degree days,283.42
2017M03,Vzhodna Slovenija (NUTS 2010),Number,Cooling degree days,0.00
2017M03,Pomurska (NUTS 2010),Number,Heating degree days,271.78
2017M03,Pomurska (NUTS 2010),Number,Cooling degree days,0.00
2017M03,Podravska (NUTS 2010),Number,Heating degree days,271.75
2017M03,Podravska (NUTS 2010),Number,Cooling degree days,0.00
2017M03,Koroska (NUTS 2010),Number,Heating degree days,299.36
2017M03,Koroska (NUTS 2010),Number,Cooling degree days,0.00
2017M03,Savinjska (NUTS 2010),Number,Heating degree days,285.08
2017M03,Savinjska (NUTS 2010),Number,Cooling degree days,0.00
2017M03,Zasavska (NUTS 2010),Number,Heating degree days,276.29
2017M03,Zasavska (NUTS 2010),Number,Cooling degree days,0.00
2017M03,Spodnjeposavska (NUTS 2010),Number,Heating degree days,247.36
2017M03,Spodnjeposavska (NUTS 2010),Number,Cooling degree days,0.00
2017M03,Jugovzhodna Slovenija (NUTS 2010),Number,Heating degree days,291.35
2017M03,Jugovzhodna Slovenija (NUTS 2010),Number,Cooling degree days,0.00
2017M03,Notranjsko-kraska (NUTS 2010),Number,Heating degree days,306.64
2017M03,Notranjsko-kraska (NUTS 2010),Number,Cooling degree days,0.00
2017M03,Zahodna Slovenija (NUTS 2010),Number,Heating degree days,281.92
2017M03,Zahodna Slovenija (NUTS 2010),Number,Cooling degree days,0.00
2017M03,Osrednjeslovenska (NUTS 2010),Number,Heating degree days,272.65
2017M03,Osrednjeslovenska (NUTS 2010),Number,Cooling degree days,0.00
2017M03,Gorenjska (NUTS 2010),Number,Heating degree days,303.24
2017M03,Gorenjska (NUTS 2010),Number,Cooling degree days,0.00
2017M03,Goriska (NUTS 2010),Number,Heating degree days,284.92
2017M03,Goriska (NUTS 2010),Number,Cooling degree days,0.00
2017M03,Obalno-kraska (NUTS 2010),Number,Heating degree days,254.06
2017M03,Obalno-kraska (NUTS 2010),Number,Cooling degree days,0.00
2017M04,Slovenija,Number,Heating degree days,215.34
2017M04,Slovenija,Number,Cooling degree days,0.00
2017M04,Vzhodna Slovenija (NUTS 2010),Number,Heating degree days,216.92
2017M04,Vzhodna Slovenija (NUTS 2010),Number,Cooling degree days,0.00
2017M04,Pomurska (NUTS 2010),Number,Heating degree days,209.70
2017M04,Pomurska (NUTS 2010),Number,Cooling degree days,0.00
2017M04,Podravska (NUTS 2010),Number,Heating degree days,212.81
2017M04,Podravska (NUTS 2010),Number,Cooling degree days,0.00
2017M04,Koroska (NUTS 2010),Number,Heating degree days,243.00
2017M04,Koroska (NUTS 2010),Number,Cooling degree days,0.00
2017M04,Savinjska (NUTS 2010),Number,Heating degree days,220.02
2017M04,Savinjska (NUTS 2010),Number,Cooling degree days,0.00
2017M04,Zasavska (NUTS 2010),Number,Heating degree days,208.28
2017M04,Zasavska (NUTS 2010),Number,Cooling degree days,0.00
2017M04,Spodnjeposavska (NUTS 2010),Number,Heating degree days,168.62
2017M04,Spodnjeposavska (NUTS 2010),Number,Cooling degree days,0.00
2017M04,Jugovzhodna Slovenija (NUTS 2010),Number,Heating degree days,210.52
2017M04,Jugovzhodna Slovenija (NUTS 2010),Number,Cooling degree days,0.00
2017M04,Notranjsko-kraska (NUTS 2010),Number,Heating degree days,249.27
2017M04,Notranjsko-kraska (NUTS 2010),Number,Cooling degree days,0.00
2017M04,Zahodna Slovenija (NUTS 2010),Number,Heating degree days,212.92
2017M04,Zahodna Slovenija (NUTS 2010),Number,Cooling degree days,0.00
2017M04,Osrednjeslovenska (NUTS 2010),Number,Heating degree days,194.36
2017M04,Osrednjeslovenska (NUTS 2010),Number,Cooling degree days,0.00
2017M04,Gorenjska (NUTS 2010),Number,Heating degree days,239.95
2017M04,Gorenjska (NUTS 2010),Number,Cooling degree days,0.00
2017M04,Goriska (NUTS 2010),Number,Heating degree days,220.26
2017M04,Goriska (NUTS 2010),Number,Cooling degree days,0.00
2017M04,Obalno-kraska (NUTS 2010),Number,Heating degree days,186.49
2017M04,Obalno-kraska (NUTS 2010),Number,Cooling degree days,0.00
2017M05,Slovenija,Number,Heating degree days,70.80
2017M05,Slovenija,Number,Cooling degree days,0.21
2017M05,Vzhodna Slovenija (NUTS 2010),Number,Heating degree days,68.69
2017M05,Vzhodna Slovenija (NUTS 2010),Number,Cooling degree days,0.35
2017M05,Pomurska (NUTS 2010),Number,Heating degree days,50.15
2017M05,Pomurska (NUTS 2010),Number,Cooling degree days,0.00
2017M05,Podravska (NUTS 2010),Number,Heating degree days,59.57
2017M05,Podravska (NUTS 2010),Number,Cooling degree days,0.00
2017M05,Koroska (NUTS 2010),Number,Heating degree days,83.52
2017M05,Koroska (NUTS 2010),Number,Cooling degree days,0.00
2017M05,Savinjska (NUTS 2010),Number,Heating degree days,71.38
2017M05,Savinjska (NUTS 2010),Number,Cooling degree days,0.12
2017M05,Zasavska (NUTS 2010),Number,Heating degree days,61.60
2017M05,Zasavska (NUTS 2010),Number,Cooling degree days,0.00
2017M05,Spodnjeposavska (NUTS 2010),Number,Heating degree days,44.52
2017M05,Spodnjeposavska (NUTS 2010),Number,Cooling degree days,3.05
2017M05,Jugovzhodna Slovenija (NUTS 2010),Number,Heating degree days,69.01
2017M05,Jugovzhodna Slovenija (NUTS 2010),Number,Cooling degree days,0.47
2017M05,Notranjsko-kraska (NUTS 2010),Number,Heating degree days,100.06
2017M05,Notranjsko-kraska (NUTS 2010),Number,Cooling degree days,0.00
2017M05,Zahodna Slovenija (NUTS 2010),Number,Heating degree days,74.00
2017M05,Zahodna Slovenija (NUTS 2010),Number,Cooling degree days,0.00
2017M05,Osrednjeslovenska (NUTS 2010),Number,Heating degree days,62.58
2017M05,Osrednjeslovenska (NUTS 2010),Number,Cooling degree days,0.00
2017M05,Gorenjska (NUTS 2010),Number,Heating degree days,90.98
2017M05,Gorenjska (NUTS 2010),Number,Cooling degree days,0.00
2017M05,Goriska (NUTS 2010),Number,Heating degree days,76.21
2017M05,Goriska (NUTS 2010),Number,Cooling degree days,0.00
2017M05,Obalno-kraska (NUTS 2010),Number,Heating degree days,62.20
2017M05,Obalno-kraska (NUTS 2010),Number,Cooling degree days,0.00
2017M06,Slovenija,Number,Heating degree days,5.44
2017M06,Slovenija,Number,Cooling degree days,13.80
2017M06,Vzhodna Slovenija (NUTS 2010),Number,Heating degree days,4.48
2017M06,Vzhodna Slovenija (NUTS 2010),Number,Cooling degree days,14.58
2017M06,Pomurska (NUTS 2010),Number,Heating degree days,0.16
2017M06,Pomurska (NUTS 2010),Number,Cooling degree days,12.86
2017M06,Podravska (NUTS 2010),Number,Heating degree days,3.92
2017M06,Podravska (NUTS 2010),Number,Cooling degree days,14.02
2017M06,Koroska (NUTS 2010),Number,Heating degree days,9.94
2017M06,Koroska (NUTS 2010),Number,Cooling degree days,7.87
2017M06,Savinjska (NUTS 2010),Number,Heating degree days,7.13
2017M06,Savinjska (NUTS 2010),Number,Cooling degree days,13.92
2017M06,Zasavska (NUTS 2010),Number,Heating degree days,6.51
2017M06,Zasavska (NUTS 2010),Number,Cooling degree days,15.46
2017M06,Spodnjeposavska (NUTS 2010),Number,Heating degree days,0.27
2017M06,Spodnjeposavska (NUTS 2010),Number,Cooling degree days,34.81
2017M06,Jugovzhodna Slovenija (NUTS 2010),Number,Heating degree days,2.62
2017M06,Jugovzhodna Slovenija (NUTS 2010),Number,Cooling degree days,17.76
2017M06,Notranjsko-kraska (NUTS 2010),Number,Heating degree days,6.66
2017M06,Notranjsko-kraska (NUTS 2010),Number,Cooling degree days,4.36
2017M06,Zahodna Slovenija (NUTS 2010),Number,Heating degree days,6.89
2017M06,Zahodna Slovenija (NUTS 2010),Number,Cooling degree days,12.62
2017M06,Osrednjeslovenska (NUTS 2010),Number,Heating degree days,5.79
2017M06,Osrednjeslovenska (NUTS 2010),Number,Cooling degree days,18.91
2017M06,Gorenjska (NUTS 2010),Number,Heating degree days,11.53
2017M06,Gorenjska (NUTS 2010),Number,Cooling degree days,6.14
2017M06,Goriska (NUTS 2010),Number,Heating degree days,6.73
2017M06,Goriska (NUTS 2010),Number,Cooling degree days,8.26
2017M06,Obalno-kraska (NUTS 2010),Number,Heating degree days,0.43
2017M06,Obalno-kraska (NUTS 2010),Number,Cooling degree days,20.23
2017M07,Slovenija,Number,Heating degree days,0.88
2017M07,Slovenija,Number,Cooling degree days,29.86
2017M07,Vzhodna Slovenija (NUTS 2010),Number,Heating degree days,0.30
2017M07,Vzhodna Slovenija (NUTS 2010),Number,Cooling degree days,34.60
2017M07,Pomurska (NUTS 2010),Number,Heating degree days,0.00
2017M07,Pomurska (NUTS 2010),Number,Cooling degree days,42.50
2017M07,Podravska (NUTS 2010),Number,Heating degree days,0.00
2017M07,Podravska (NUTS 2010),Number,Cooling degree days,36.17
2017M07,Koroska (NUTS 2010),Number,Heating degree days,1.43
2017M07,Koroska (NUTS 2010),Number,Cooling degree days,9.34
2017M07,Savinjska (NUTS 2010),Number,Heating degree days,0.90
2017M07,Savinjska (NUTS 2010),Number,Cooling degree days,29.54
2017M07,Zasavska (NUTS 2010),Number,Heating degree days,0.00
2017M07,Zasavska (NUTS 2010),Number,Cooling degree days,35.95
2017M07,Spodnjeposavska (NUTS 2010),Number,Heating degree days,0.00
2017M07,Spodnjeposavska (NUTS 2010),Number,Cooling degree days,76.62
2017M07,Jugovzhodna Slovenija (NUTS 2010),Number,Heating degree days,0.00
2017M07,Jugovzhodna Slovenija (NUTS 2010),Number,Cooling degree days,45.58
2017M07,Notranjsko-kraska (NUTS 2010),Number,Heating degree days,0.00
2017M07,Notranjsko-kraska (NUTS 2010),Number,Cooling degree days,4.88
2017M07,Zahodna Slovenija (NUTS 2010),Number,Heating degree days,1.76
2017M07,Zahodna Slovenija (NUTS 2010),Number,Cooling degree days,22.68
2017M07,Osrednjeslovenska (NUTS 2010),Number,Heating degree days,0.05
2017M07,Osrednjeslovenska (NUTS 2010),Number,Cooling degree days,38.22
2017M07,Gorenjska (NUTS 2010),Number,Heating degree days,4.03
2017M07,Gorenjska (NUTS 2010),Number,Cooling degree days,7.79
2017M07,Goriska (NUTS 2010),Number,Heating degree days,2.33
2017M07,Goriska (NUTS 2010),Number,Cooling degree days,13.45
2017M07,Obalno-kraska (NUTS 2010),Number,Heating degree days,0.00
2017M07,Obalno-kraska (NUTS 2010),Number,Cooling degree days,35.81
2017M08,Slovenija,Number,Heating degree days,1.72
2017M08,Slovenija,Number,Cooling degree days,43.56
2017M08,Vzhodna Slovenija (NUTS 2010),Number,Heating degree days,1.44
2017M08,Vzhodna Slovenija (NUTS 2010),Number,Cooling degree days,42.30
2017M08,Pomurska (NUTS 2010),Number,Heating degree days,0.00
2017M08,Pomurska (NUTS 2010),Number,Cooling degree days,49.55
2017M08,Podravska (NUTS 2010),Number,Heating degree days,0.96
2017M08,Podravska (NUTS 2010),Number,Cooling degree days,39.19
2017M08,Koroska (NUTS 2010),Number,Heating degree days,5.97
2017M08,Koroska (NUTS 2010),Number,Cooling degree days,19.70
2017M08,Savinjska (NUTS 2010),Number,Heating degree days,2.35
2017M08,Savinjska (NUTS 2010),Number,Cooling degree days,34.92
2017M08,Zasavska (NUTS 2010),Number,Heating degree days,0.49
2017M08,Zasavska (NUTS 2010),Number,Cooling degree days,44.16
2017M08,Spodnjeposavska (NUTS 2010),Number,Heating degree days,0.00
2017M08,Spodnjeposavska (NUTS 2010),Number,Cooling degree days,68.37
2017M08,Jugovzhodna Slovenija (NUTS 2010),Number,Heating degree days,0.41
2017M08,Jugovzhodna Slovenija (NUTS 2010),Number,Cooling degree days,54.06
2017M08,Notranjsko-kraska (NUTS 2010),Number,Heating degree days,1.73
2017M08,Notranjsko-kraska (NUTS 2010),Number,Cooling degree days,30.51
2017M08,Zahodna Slovenija (NUTS 2010),Number,Heating degree days,2.13
2017M08,Zahodna Slovenija (NUTS 2010),Number,Cooling degree days,45.46
2017M08,Osrednjeslovenska (NUTS 2010),Number,Heating degree days,1.06
2017M08,Osrednjeslovenska (NUTS 2010),Number,Cooling degree days,56.44
2017M08,Gorenjska (NUTS 2010),Number,Heating degree days,3.70
2017M08,Gorenjska (NUTS 2010),Number,Cooling degree days,25.21
2017M08,Goriska (NUTS 2010),Number,Heating degree days,2.64
2017M08,Goriska (NUTS 2010),Number,Cooling degree days,40.67
2017M08,Obalno-kraska (NUTS 2010),Number,Heating degree days,0.41
2017M08,Obalno-kraska (NUTS 2010),Number,Cooling degree days,70.87
2017M09,Slovenija,Number,Heating degree days,108.85
2017M09,Slovenija,Number,Cooling degree days,0.00
2017M09,Vzhodna Slovenija (NUTS 2010),Number,Heating degree days,107.68
2017M09,Vzhodna Slovenija (NUTS 2010),Number,Cooling degree days,0.00
2017M09,Pomurska (NUTS 2010),Number,Heating degree days,85.24
2017M09,Pomurska (NUTS 2010),Number,Cooling degree days,0.00
2017M09,Podravska (NUTS 2010),Number,Heating degree days,102.04
2017M09,Podravska (NUTS 2010),Number,Cooling degree days,0.00
2017M09,Koroska (NUTS 2010),Number,Heating degree days,150.10
2017M09,Koroska (NUTS 2010),Number,Cooling degree days,0.00
2017M09,Savinjska (NUTS 2010),Number,Heating degree days,121.30
2017M09,Savinjska (NUTS 2010),Number,Cooling degree days,0.00
2017M09,Zasavska (NUTS 2010),Number,Heating degree days,104.14
2017M09,Zasavska (NUTS 2010),Number,Cooling degree days,0.00
2017M09,Spodnjeposavska (NUTS 2010),Number,Heating degree days,60.81
2017M09,Spodnjeposavska (NUTS 2010),Number,Cooling degree days,0.00
2017M09,Jugovzhodna Slovenija (NUTS 2010),Number,Heating degree days,96.84
2017M09,Jugovzhodna Slovenija (NUTS 2010),Number,Cooling degree days,0.00
2017M09,Notranjsko-kraska (NUTS 2010),Number,Heating degree days,133.63
2017M09,Notranjsko-kraska (NUTS 2010),Number,Cooling degree days,0.00
2017M09,Zahodna Slovenija (NUTS 2010),Number,Heating degree days,110.64
2017M09,Zahodna Slovenija (NUTS 2010),Number,Cooling degree days,0.00
2017M09,Osrednjeslovenska (NUTS 2010),Number,Heating degree days,103.69
2017M09,Osrednjeslovenska (NUTS 2010),Number,Cooling degree days,0.00
2017M09,Gorenjska (NUTS 2010),Number,Heating degree days,146.74
2017M09,Gorenjska (NUTS 2010),Number,Cooling degree days,0.00
2017M09,Goriska (NUTS 2010),Number,Heating degree days,108.58
2017M09,Goriska (NUTS 2010),Number,Cooling degree days,0.00
2017M09,Obalno-kraska (NUTS 2010),Number,Heating degree days,57.97
2017M09,Obalno-kraska (NUTS 2010),Number,Cooling degree days,0.00
2017M10,Slovenija,Number,Heating degree days,194.69
2017M10,Slovenija,Number,Cooling degree days,0.00
2017M10,Vzhodna Slovenija (NUTS 2010),Number,Heating degree days,197.47
2017M10,Vzhodna Slovenija (NUTS 2010),Number,Cooling degree days,0.00
2017M10,Pomurska (NUTS 2010),Number,Heating degree days,187.09
2017M10,Pomurska (NUTS 2010),Number,Cooling degree days,0.00
2017M10,Podravska (NUTS 2010),Number,Heating degree days,194.21
2017M10,Podravska (NUTS 2010),Number,Cooling degree days,0.00
2017M10,Koroska (NUTS 2010),Number,Heating degree days,227.46
2017M10,Koroska (NUTS 2010),Number,Cooling degree days,0.00
2017M10,Savinjska (NUTS 2010),Number,Heating degree days,206.43
2017M10,Savinjska (NUTS 2010),Number,Cooling degree days,0.00
2017M10,Zasavska (NUTS 2010),Number,Heating degree days,191.73
2017M10,Zasavska (NUTS 2010),Number,Cooling degree days,0.00
2017M10,Spodnjeposavska (NUTS 2010),Number,Heating degree days,153.30
2017M10,Spodnjeposavska (NUTS 2010),Number,Cooling degree days,0.00
2017M10,Jugovzhodna Slovenija (NUTS 2010),Number,Heating degree days,192.96
2017M10,Jugovzhodna Slovenija (NUTS 2010),Number,Cooling degree days,0.00
2017M10,Notranjsko-kraska (NUTS 2010),Number,Heating degree days,212.52
2017M10,Notranjsko-kraska (NUTS 2010),Number,Cooling degree days,0.00
2017M10,Zahodna Slovenija (NUTS 2010),Number,Heating degree days,190.47
2017M10,Zahodna Slovenija (NUTS 2010),Number,Cooling degree days,0.00
2017M10,Osrednjeslovenska (NUTS 2010),Number,Heating degree days,182.44
2017M10,Osrednjeslovenska (NUTS 2010),Number,Cooling degree days,0.00
2017M10,Gorenjska (NUTS 2010),Number,Heating degree days,218.31
2017M10,Gorenjska (NUTS 2010),Number,Cooling degree days,0.00
2017M10,Goriska (NUTS 2010),Number,Heating degree days,194.61
2017M10,Goriska (NUTS 2010),Number,Cooling degree days,0.00
2017M10,Obalno-kraska (NUTS 2010),Number,Heating degree days,143.63
2017M10,Obalno-kraska (NUTS 2010),Number,Cooling degree days,0.00
2017M11,Slovenija,Number,Heating degree days,376.62
2017M11,Slovenija,Number,Cooling degree days,0.00
2017M11,Vzhodna Slovenija (NUTS 2010),Number,Heating degree days,375.38
2017M11,Vzhodna Slovenija (NUTS 2010),Number,Cooling degree days,0.00
2017M11,Pomurska (NUTS 2010),Number,Heating degree days,365.59
2017M11,Pomurska (NUTS 2010),Number,Cooling degree days,0.00
2017M11,Podravska (NUTS 2010),Number,Heating degree days,372.06
2017M11,Podravska (NUTS 2010),Number,Cooling degree days,0.00
2017M11,Koroska (NUTS 2010),Number,Heating degree days,421.92
2017M11,Koroska (NUTS 2010),Number,Cooling degree days,0.00
2017M11,Savinjska (NUTS 2010),Number,Heating degree days,388.60
2017M11,Savinjska (NUTS 2010),Number,Cooling degree days,0.00
2017M11,Zasavska (NUTS 2010),Number,Heating degree days,373.72
2017M11,Zasavska (NUTS 2010),Number,Cooling degree days,0.00
2017M11,Spodnjeposavska (NUTS 2010),Number,Heating degree days,332.63
2017M11,Spodnjeposavska (NUTS 2010),Number,Cooling degree days,0.00
2017M11,Jugovzhodna Slovenija (NUTS 2010),Number,Heating degree days,365.44
2017M11,Jugovzhodna Slovenija (NUTS 2010),Number,Cooling degree days,0.00
2017M11,Notranjsko-kraska (NUTS 2010),Number,Heating degree days,379.42
2017M11,Notranjsko-kraska (NUTS 2010),Number,Cooling degree days,0.00
2017M11,Zahodna Slovenija (NUTS 2010),Number,Heating degree days,378.49
2017M11,Zahodna Slovenija (NUTS 2010),Number,Cooling degree days,0.00
2017M11,Osrednjeslovenska (NUTS 2010),Number,Heating degree days,376.21
2017M11,Osrednjeslovenska (NUTS 2010),Number,Cooling degree days,0.00
2017M11,Gorenjska (NUTS 2010),Number,Heating degree days,415.70
2017M11,Gorenjska (NUTS 2010),Number,Cooling degree days,0.00
2017M11,Goriska (NUTS 2010),Number,Heating degree days,383.48
2017M11,Goriska (NUTS 2010),Number,Cooling degree days,0.00
2017M11,Obalno-kraska (NUTS 2010),Number,Heating degree days,296.36
2017M11,Obalno-kraska (NUTS 2010),Number,Cooling degree days,0.00
2017M12,Slovenija,Number,Heating degree days,503.48
2017M12,Slovenija,Number,Cooling degree days,0.00
2017M12,Vzhodna Slovenija (NUTS 2010),Number,Heating degree days,492.14
2017M12,Vzhodna Slovenija (NUTS 2010),Number,Cooling degree days,0.00
2017M12,Pomurska (NUTS 2010),Number,Heating degree days,470.87
2017M12,Pomurska (NUTS 2010),Number,Cooling degree days,0.00
2017M12,Podravska (NUTS 2010),Number,Heating degree days,482.85
2017M12,Podravska (NUTS 2010),Number,Cooling degree days,0.00
2017M12,Koroska (NUTS 2010),Number,Heating degree days,556.00
2017M12,Koroska (NUTS 2010),Number,Cooling degree days,0.00
2017M12,Savinjska (NUTS 2010),Number,Heating degree days,511.28
2017M12,Savinjska (NUTS 2010),Number,Cooling degree days,0.00
2017M12,Zasavska (NUTS 2010),Number,Heating degree days,497.67
2017M12,Zasavska (NUTS 2010),Number,Cooling degree days,0.00
2017M12,Spodnjeposavska (NUTS 2010),Number,Heating degree days,443.52
2017M12,Spodnjeposavska (NUTS 2010),Number,Cooling degree days,0.00
2017M12,Jugovzhodna Slovenija (NUTS 2010),Number,Heating degree days,474.11
2017M12,Jugovzhodna Slovenija (NUTS 2010),Number,Cooling degree days,0.00
2017M12,Notranjsko-kraska (NUTS 2010),Number,Heating degree days,510.68
2017M12,Notranjsko-kraska (NUTS 2010),Number,Cooling degree days,0.00
2017M12,Zahodna Slovenija (NUTS 2010),Number,Heating degree days,520.68
2017M12,Zahodna Slovenija (NUTS 2010),Number,Cooling degree days,0.00
2017M12,Osrednjeslovenska (NUTS 2010),Number,Heating degree days,514.68
2017M12,Osrednjeslovenska (NUTS 2010),Number,Cooling degree days,0.00
2017M12,Gorenjska (NUTS 2010),Number,Heating degree days,560.97
2017M12,Gorenjska (NUTS 2010),Number,Cooling degree days,0.00
2017M12,Goriska (NUTS 2010),Number,Heating degree days,528.83
2017M12,Goriska (NUTS 2010),Number,Cooling degree days,0.00
2017M12,Obalno-kraska (NUTS 2010),Number,Heating degree days,434.24
2017M12,Obalno-kraska (NUTS 2010),Number,Cooling degree days,0.00
2018M01,Slovenija,Number,Heating degree days,443.78
2018M01,Slovenija,Number,Cooling degree days,0.00
2018M01,Vzhodna Slovenija (NUTS 2010),Number,Heating degree days,442.75
2018M01,Vzhodna Slovenija (NUTS 2010),Number,Cooling degree days,0.00
2018M01,Pomurska (NUTS 2010),Number,Heating degree days,451.19
2018M01,Pomurska (NUTS 2010),Number,Cooling degree days,0.00
2018M01,Podravska (NUTS 2010),Number,Heating degree days,441.75
2018M01,Podravska (NUTS 2010),Number,Cooling degree days,0.00
2018M01,Koroska (NUTS 2010),Number,Heating degree days,494.29
2018M01,Koroska (NUTS 2010),Number,Cooling degree days,0.00
2018M01,Savinjska (NUTS 2010),Number,Heating degree days,454.72
2018M01,Savinjska (NUTS 2010),Number,Cooling degree days,0.00
2018M01,Zasavska (NUTS 2010),Number,Heating degree days,437.20
2018M01,Zasavska (NUTS 2010),Number,Cooling degree days,0.00
2018M01,Spodnjeposavska (NUTS 2010),Number,Heating degree days,403.34
2018M01,Spodnjeposavska (NUTS 2010),Number,Cooling degree days,0.00
2018M01,Jugovzhodna Slovenija (NUTS 2010),Number,Heating degree days,423.36
2018M01,Jugovzhodna Slovenija (NUTS 2010),Number,Cooling degree days,0.00
2018M01,Notranjsko-kraska (NUTS 2010),Number,Heating degree days,440.99
2018M01,Notranjsko-kraska (NUTS 2010),Number,Cooling degree days,0.00
2018M01,Zahodna Slovenija (NUTS 2010),Number,Heating degree days,445.33
2018M01,Zahodna Slovenija (NUTS 2010),Number,Cooling degree days,0.00
2018M01,Osrednjeslovenska (NUTS 2010),Number,Heating degree days,438.16
2018M01,Osrednjeslovenska (NUTS 2010),Number,Cooling degree days,0.00
2018M01,Gorenjska (NUTS 2010),Number,Heating degree days,479.45
2018M01,Gorenjska (NUTS 2010),Number,Cooling degree days,0.00
2018M01,Goriska (NUTS 2010),Number,Heating degree days,454.20
2018M01,Goriska (NUTS 2010),Number,Cooling degree days,0.00
2018M01,Obalno-kraska (NUTS 2010),Number,Heating degree days,372.88
2018M01,Obalno-kraska (NUTS 2010),Number,Cooling degree days,0.00
2018M02,Slovenija,Number,Heating degree days,530.17
2018M02,Slovenija,Number,Cooling degree days,0.00
2018M02,Vzhodna Slovenija (NUTS 2010),Number,Heating degree days,535.99
2018M02,Vzhodna Slovenija (NUTS 2010),Number,Cooling degree days,0.00
2018M02,Pomurska (NUTS 2010),Number,Heating degree days,522.09
2018M02,Pomurska (NUTS 2010),Number,Cooling degree days,0.00
2018M02,Podravska (NUTS 2010),Number,Heating degree days,529.77
2018M02,Podravska (NUTS 2010),Number,Cooling degree days,0.00
2018M02,Koroska (NUTS 2010),Number,Heating degree days,555.46
2018M02,Koroska (NUTS 2010),Number,Cooling degree days,0.00
2018M02,Savinjska (NUTS 2010),Number,Heating degree days,541.09
2018M02,Savinjska (NUTS 2010),Number,Cooling degree days,0.00
2018M02,Zasavska (NUTS 2010),Number,Heating degree days,531.92
2018M02,Zasavska (NUTS 2010),Number,Cooling degree days,0.00
2018M02,Spodnjeposavska (NUTS 2010),Number,Heating degree days,512.20
2018M02,Spodnjeposavska (NUTS 2010),Number,Cooling degree days,0.00
2018M02,Jugovzhodna Slovenija (NUTS 2010),Number,Heating degree days,537.19
2018M02,Jugovzhodna Slovenija (NUTS 2010),Number,Cooling degree days,0.00
2018M02,Notranjsko-kraska (NUTS 2010),Number,Heating degree days,549.11
2018M02,Notranjsko-kraska (NUTS 2010),Number,Cooling degree days,0.00
2018M02,Zahodna Slovenija (NUTS 2010),Number,Heating degree days,521.33
2018M02,Zahodna Slovenija (NUTS 2010),Number,Cooling degree days,0.00
2018M02,Osrednjeslovenska (NUTS 2010),Number,Heating degree days,523.22
2018M02,Osrednjeslovenska (NUTS 2010),Number,Cooling degree days,0.00
2018M02,Gorenjska (NUTS 2010),Number,Heating degree days,559.31
2018M02,Gorenjska (NUTS 2010),Number,Cooling degree days,0.00
2018M02,Goriska (NUTS 2010),Number,Heating degree days,514.45
2018M02,Goriska (NUTS 2010),Number,Cooling degree days,0.00
2018M02,Obalno-kraska (NUTS 2010),Number,Heating degree days,453.90
2018M02,Obalno-kraska (NUTS 2010),Number,Cooling degree days,0.00
2018M03,Slovenija,Number,Heating degree days,443.02
2018M03,Slovenija,Number,Cooling degree days,0.00
2018M03,Vzhodna Slovenija (NUTS 2010),Number,Heating degree days,447.84
2018M03,Vzhodna Slovenija (NUTS 2010),Number,Cooling degree days,0.00
2018M03,Pomurska (NUTS 2010),Number,Heating degree days,440.09
2018M03,Pomurska (NUTS 2010),Number,Cooling degree days,0.00
2018M03,Podravska (NUTS 2010),Number,Heating degree days,444.09
2018M03,Podravska (NUTS 2010),Number,Cooling degree days,0.00
2018M03,Koroska (NUTS 2010),Number,Heating degree days,469.95
2018M03,Koroska (NUTS 2010),Number,Cooling degree days,0.00
2018M03,Savinjska (NUTS 2010),Number,Heating degree days,451.32
2018M03,Savinjska (NUTS 2010),Number,Cooling degree days,0.00
2018M03,Zasavska (NUTS 2010),Number,Heating degree days,442.55
2018M03,Zasavska (NUTS 2010),Number,Cooling degree days,0.00
2018M03,Spodnjeposavska (NUTS 2010),Number,Heating degree days,412.99
2018M03,Spodnjeposavska (NUTS 2010),Number,Cooling degree days,0.00
2018M03,Jugovzhodna Slovenija (NUTS 2010),Number,Heating degree days,446.90
2018M03,Jugovzhodna Slovenija (NUTS 2010),Number,Cooling degree days,0.00
2018M03,Notranjsko-kraska (NUTS 2010),Number,Heating degree days,463.37
2018M03,Notranjsko-kraska (NUTS 2010),Number,Cooling degree days,0.00
2018M03,Zahodna Slovenija (NUTS 2010),Number,Heating degree days,435.71
2018M03,Zahodna Slovenija (NUTS 2010),Number,Cooling degree days,0.00
2018M03,Osrednjeslovenska (NUTS 2010),Number,Heating degree days,437.29
2018M03,Osrednjeslovenska (NUTS 2010),Number,Cooling degree days,0.00
2018M03,Gorenjska (NUTS 2010),Number,Heating degree days,474.66
2018M03,Gorenjska (NUTS 2010),Number,Cooling degree days,0.00
2018M03,Goriska (NUTS 2010),Number,Heating degree days,428.58
2018M03,Goriska (NUTS 2010),Number,Cooling degree days,0.00
2018M03,Obalno-kraska (NUTS 2010),Number,Heating degree days,367.56
2018M03,Obalno-kraska (NUTS 2010),Number,Cooling degree days,0.00
2018M04,Slovenija,Number,Heating degree days,106.47
2018M04,Slovenija,Number,Cooling degree days,0.00
2018M04,Vzhodna Slovenija (NUTS 2010),Number,Heating degree days,101.06
2018M04,Vzhodna Slovenija (NUTS 2010),Number,Cooling degree days,0.00
2018M04,Pomurska (NUTS 2010),Number,Heating degree days,68.15
2018M04,Pomurska (NUTS 2010),Number,Cooling degree days,0.00
2018M04,Podravska (NUTS 2010),Number,Heating degree days,81.25
2018M04,Podravska (NUTS 2010),Number,Cooling degree days,0.00
2018M04,Koroska (NUTS 2010),Number,Heating degree days,122.50
2018M04,Koroska (NUTS 2010),Number,Cooling degree days,0.00
2018M04,Savinjska (NUTS 2010),Number,Heating degree days,106.68
2018M04,Savinjska (NUTS 2010),Number,Cooling degree days,0.00
2018M04,Zasavska (NUTS 2010),Number,Heating degree days,94.41
2018M04,Zasavska (NUTS 2010),Number,Cooling degree days,0.00
2018M04,Spodnjeposavska (NUTS 2010),Number,Heating degree days,80.68
2018M04,Spodnjeposavska (NUTS 2010),Number,Cooling degree days,0.00
2018M04,Jugovzhodna Slovenija (NUTS 2010),Number,Heating degree days,106.18
2018M04,Jugovzhodna Slovenija (NUTS 2010),Number,Cooling degree days,0.00
2018M04,Notranjsko-kraska (NUTS 2010),Number,Heating degree days,140.87
2018M04,Notranjsko-kraska (NUTS 2010),Number,Cooling degree days,0.00
2018M04,Zahodna Slovenija (NUTS 2010),Number,Heating degree days,114.66
2018M04,Zahodna Slovenija (NUTS 2010),Number,Cooling degree days,0.00
2018M04,Osrednjeslovenska (NUTS 2010),Number,Heating degree days,98.00
2018M04,Osrednjeslovenska (NUTS 2010),Number,Cooling degree days,0.00
2018M04,Gorenjska (NUTS 2010),Number,Heating degree days,136.64
2018M04,Gorenjska (NUTS 2010),Number,Cooling degree days,0.00
2018M04,Goriska (NUTS 2010),Number,Heating degree days,120.16
2018M04,Goriska (NUTS 2010),Number,Cooling degree days,0.00
2018M04,Obalno-kraska (NUTS 2010),Number,Heating degree days,98.07
2018M04,Obalno-kraska (NUTS 2010),Number,Cooling degree days,0.00
2018M05,Slovenija,Number,Heating degree days,26.78
2018M05,Slovenija,Number,Cooling degree days,0.00
2018M05,Vzhodna Slovenija (NUTS 2010),Number,Heating degree days,22.70
2018M05,Vzhodna Slovenija (NUTS 2010),Number,Cooling degree days,0.00
2018M05,Pomurska (NUTS 2010),Number,Heating degree days,8.58
2018M05,Pomurska (NUTS 2010),Number,Cooling degree days,0.00
2018M05,Podravska (NUTS 2010),Number,Heating degree days,12.01
2018M05,Podravska (NUTS 2010),Number,Cooling degree days,0.00
2018M05,Koroska (NUTS 2010),Number,Heating degree days,35.02
2018M05,Koroska (NUTS 2010),Number,Cooling degree days,0.00
2018M05,Savinjska (NUTS 2010),Number,Heating degree days,22.43
2018M05,Savinjska (NUTS 2010),Number,Cooling degree days,0.00
2018M05,Zasavska (NUTS 2010),Number,Heating degree days,13.01
2018M05,Zasavska (NUTS 2010),Number,Cooling degree days,0.00
2018M05,Spodnjeposavska (NUTS 2010),Number,Heating degree days,7.74
2018M05,Spodnjeposavska (NUTS 2010),Number,Cooling degree days,0.00
2018M05,Jugovzhodna Slovenija (NUTS 2010),Number,Heating degree days,27.02
2018M05,Jugovzhodna Slovenija (NUTS 2010),Number,Cooling degree days,0.00
2018M05,Notranjsko-kraska (NUTS 2010),Number,Heating degree days,46.43
2018M05,Notranjsko-kraska (NUTS 2010),Number,Cooling degree days,0.00
2018M05,Zahodna Slovenija (NUTS 2010),Number,Heating degree days,32.96
2018M05,Zahodna Slovenija (NUTS 2010),Number,Cooling degree days,0.00
2018M05,Osrednjeslovenska (NUTS 2010),Number,Heating degree days,22.41
2018M05,Osrednjeslovenska (NUTS 2010),Number,Cooling degree days,0.00
2018M05,Gorenjska (NUTS 2010),Number,Heating degree days,47.20
2018M05,Gorenjska (NUTS 2010),Number,Cooling degree days,0.00
2018M05,Goriska (NUTS 2010),Number,Heating degree days,36.72
2018M05,Goriska (NUTS 2010),Number,Cooling degree days,0.00
2018M05,Obalno-kraska (NUTS 2010),Number,Heating degree days,21.11
2018M05,Obalno-kraska (NUTS 2010),Number,Cooling degree days,0.00
2018M06,Slovenija,Number,Heating degree days,6.20
2018M06,Slovenija,Number,Cooling degree days,3.66
2018M06,Vzhodna Slovenija (NUTS 2010),Number,Heating degree days,6.67
2018M06,Vzhodna Slovenija (NUTS 2010),Number,Cooling degree days,3.24
2018M06,Pomurska (NUTS 2010),Number,Heating degree days,3.69
2018M06,Pomurska (NUTS 2010),Number,Cooling degree days,2.72
2018M06,Podravska (NUTS 2010),Number,Heating degree days,4.45
2018M06,Podravska (NUTS 2010),Number,Cooling degree days,4.25
2018M06,Koroska (NUTS 2010),Number,Heating degree days,7.64
2018M06,Koroska (NUTS 2010),Number,Cooling degree days,0.43
2018M06,Savinjska (NUTS 2010),Number,Heating degree days,6.67
2018M06,Savinjska (NUTS 2010),Number,Cooling degree days,3.01
2018M06,Zasavska (NUTS 2010),Number,Heating degree days,1.21
2018M06,Zasavska (NUTS 2010),Number,Cooling degree days,2.80
2018M06,Spodnjeposavska (NUTS 2010),Number,Heating degree days,5.11
2018M06,Spodnjeposavska (NUTS 2010),Number,Cooling degree days,12.18
2018M06,Jugovzhodna Slovenija (NUTS 2010),Number,Heating degree days,10.78
2018M06,Jugovzhodna Slovenija (NUTS 2010),Number,Cooling degree days,2.74
2018M06,Notranjsko-kraska (NUTS 2010),Number,Heating degree days,6.48
2018M06,Notranjsko-kraska (NUTS 2010),Number,Cooling degree days,0.00
2018M06,Zahodna Slovenija (NUTS 2010),Number,Heating degree days,5.50
2018M06,Zahodna Slovenija (NUTS 2010),Number,Cooling degree days,4.32
2018M06,Osrednjeslovenska (NUTS 2010),Number,Heating degree days,4.29
2018M06,Osrednjeslovenska (NUTS 2010),Number,Cooling degree days,7.85
2018M06,Gorenjska (NUTS 2010),Number,Heating degree days,9.05
2018M06,Gorenjska (NUTS 2010),Number,Cooling degree days,0.14
2018M06,Goriska (NUTS 2010),Number,Heating degree days,6.02
2018M06,Goriska (NUTS 2010),Number,Cooling degree days,1.89
2018M06,Obalno-kraska (NUTS 2010),Number,Heating degree days,0.00
2018M06,Obalno-kraska (NUTS 2010),Number,Cooling degree days,9.64
2018M07,Slovenija,Number,Heating degree days,0.05
2018M07,Slovenija,Number,Cooling degree days,12.15
2018M07,Vzhodna Slovenija (NUTS 2010),Number,Heating degree days,0.08
2018M07,Vzhodna Slovenija (NUTS 2010),Number,Cooling degree days,9.81
2018M07,Pomurska (NUTS 2010),Number,Heating degree days,0.00
2018M07,Pomurska (NUTS 2010),Number,Cooling degree days,17.66
2018M07,Podravska (NUTS 2010),Number,Heating degree days,0.00
2018M07,Podravska (NUTS 2010),Number,Cooling degree days,11.39
2018M07,Koroska (NUTS 2010),Number,Heating degree days,0.00
2018M07,Koroska (NUTS 2010),Number,Cooling degree days,1.42
2018M07,Savinjska (NUTS 2010),Number,Heating degree days,0.00
2018M07,Savinjska (NUTS 2010),Number,Cooling degree days,7.11
2018M07,Zasavska (NUTS 2010),Number,Heating degree days,0.00
2018M07,Zasavska (NUTS 2010),Number,Cooling degree days,10.86
2018M07,Spodnjeposavska (NUTS 2010),Number,Heating degree days,0.00
2018M07,Spodnjeposavska (NUTS 2010),Number,Cooling degree days,20.15
2018M07,Jugovzhodna Slovenija (NUTS 2010),Number,Heating degree days,0.36
2018M07,Jugovzhodna Slovenija (NUTS 2010),Number,Cooling degree days,9.95
2018M07,Notranjsko-kraska (NUTS 2010),Number,Heating degree days,0.02
2018M07,Notranjsko-kraska (NUTS 2010),Number,Cooling degree days,3.80
2018M07,Zahodna Slovenija (NUTS 2010),Number,Heating degree days,0.00
2018M07,Zahodna Slovenija (NUTS 2010),Number,Cooling degree days,15.70
2018M07,Osrednjeslovenska (NUTS 2010),Number,Heating degree days,0.00
2018M07,Osrednjeslovenska (NUTS 2010),Number,Cooling degree days,15.22
2018M07,Gorenjska (NUTS 2010),Number,Heating degree days,0.00
2018M07,Gorenjska (NUTS 2010),Number,Cooling degree days,7.90
2018M07,Goriska (NUTS 2010),Number,Heating degree days,0.00
2018M07,Goriska (NUTS 2010),Number,Cooling degree days,14.34
2018M07,Obalno-kraska (NUTS 2010),Number,Heating degree days,0.00
2018M07,Obalno-kraska (NUTS 2010),Number,Cooling degree days,36.00
2018M08,Slovenija,Number,Heating degree days,6.60
2018M08,Slovenija,Number,Cooling degree days,35.25
2018M08,Vzhodna Slovenija (NUTS 2010),Number,Heating degree days,5.97
2018M08,Vzhodna Slovenija (NUTS 2010),Number,Cooling degree days,31.84
2018M08,Pomurska (NUTS 2010),Number,Heating degree days,3.41
2018M08,Pomurska (NUTS 2010),Number,Cooling degree days,54.97
2018M08,Podravska (NUTS 2010),Number,Heating degree days,4.66
2018M08,Podravska (NUTS 2010),Number,Cooling degree days,40.48
2018M08,Koroska (NUTS 2010),Number,Heating degree days,9.24
2018M08,Koroska (NUTS 2010),Number,Cooling degree days,3.17
2018M08,Savinjska (NUTS 2010),Number,Heating degree days,7.01
2018M08,Savinjska (NUTS 2010),Number,Cooling degree days,21.46
2018M08,Zasavska (NUTS 2010),Number,Heating degree days,5.77
2018M08,Zasavska (NUTS 2010),Number,Cooling degree days,32.52
2018M08,Spodnjeposavska (NUTS 2010),Number,Heating degree days,4.11
2018M08,Spodnjeposavska (NUTS 2010),Number,Cooling degree days,70.34
2018M08,Jugovzhodna Slovenija (NUTS 2010),Number,Heating degree days,5.81
2018M08,Jugovzhodna Slovenija (NUTS 2010),Number,Cooling degree days,30.63
2018M08,Notranjsko-kraska (NUTS 2010),Number,Heating degree days,7.76
2018M08,Notranjsko-kraska (NUTS 2010),Number,Cooling degree days,13.35
2018M08,Zahodna Slovenija (NUTS 2010),Number,Heating degree days,7.56
2018M08,Zahodna Slovenija (NUTS 2010),Number,Cooling degree days,40.43
2018M08,Osrednjeslovenska (NUTS 2010),Number,Heating degree days,6.44
2018M08,Osrednjeslovenska (NUTS 2010),Number,Cooling degree days,48.91
2018M08,Gorenjska (NUTS 2010),Number,Heating degree days,11.38
2018M08,Gorenjska (NUTS 2010),Number,Cooling degree days,14.34
2018M08,Goriska (NUTS 2010),Number,Heating degree days,7.61
2018M08,Goriska (NUTS 2010),Number,Cooling degree days,39.69
2018M08,Obalno-kraska (NUTS 2010),Number,Heating degree days,2.31
2018M08,Obalno-kraska (NUTS 2010),Number,Cooling degree days,74.96
2018M09,Slovenija,Number,Heating degree days,51.45
2018M09,Slovenija,Number,Cooling degree days,0.06
2018M09,Vzhodna Slovenija (NUTS 2010),Number,Heating degree days,54.96
2018M09,Vzhodna Slovenija (NUTS 2010),Number,Cooling degree days,0.00
2018M09,Pomurska (NUTS 2010),Number,Heating degree days,53.66
2018M09,Pomurska (NUTS 2010),Number,Cooling degree days,0.00
2018M09,Podravska (NUTS 2010),Number,Heating degree days,53.27
2018M09,Podravska (NUTS 2010),Number,Cooling degree days,0.00
2018M09,Koroska (NUTS 2010),Number,Heating degree days,62.17
2018M09,Koroska (NUTS 2010),Number,Cooling degree days,0.00
2018M09,Savinjska (NUTS 2010),Number,Heating degree days,58.17
2018M09,Savinjska (NUTS 2010),Number,Cooling degree days,0.00
2018M09,Zasavska (NUTS 2010),Number,Heating degree days,53.22
2018M09,Zasavska (NUTS 2010),Number,Cooling degree days,0.00
2018M09,Spodnjeposavska (NUTS 2010),Number,Heating degree days,50.08
2018M09,Spodnjeposavska (NUTS 2010),Number,Cooling degree days,0.00
2018M09,Jugovzhodna Slovenija (NUTS 2010),Number,Heating degree days,54.83
2018M09,Jugovzhodna Slovenija (NUTS 2010),Number,Cooling degree days,0.00
2018M09,Notranjsko-kraska (NUTS 2010),Number,Heating degree days,51.82
2018M09,Notranjsko-kraska (NUTS 2010),Number,Cooling degree days,0.00
2018M09,Zahodna Slovenija (NUTS 2010),Number,Heating degree days,46.13
2018M09,Zahodna Slovenija (NUTS 2010),Number,Cooling degree days,0.14
2018M09,Osrednjeslovenska (NUTS 2010),Number,Heating degree days,51.36
2018M09,Osrednjeslovenska (NUTS 2010),Number,Cooling degree days,0.00
2018M09,Gorenjska (NUTS 2010),Number,Heating degree days,57.66
2018M09,Gorenjska (NUTS 2010),Number,Cooling degree days,0.00
2018M09,Goriska (NUTS 2010),Number,Heating degree days,39.90
2018M09,Goriska (NUTS 2010),Number,Cooling degree days,0.00
2018M09,Obalno-kraska (NUTS 2010),Number,Heating degree days,23.46
2018M09,Obalno-kraska (NUTS 2010),Number,Cooling degree days,1.08
2018M10,Slovenija,Number,Heating degree days,147.42
2018M10,Slovenija,Number,Cooling degree days,0.00
2018M10,Vzhodna Slovenija (NUTS 2010),Number,Heating degree days,148.12
2018M10,Vzhodna Slovenija (NUTS 2010),Number,Cooling degree days,0.00
2018M10,Pomurska (NUTS 2010),Number,Heating degree days,138.04
2018M10,Pomurska (NUTS 2010),Number,Cooling degree days,0.00
2018M10,Podravska (NUTS 2010),Number,Heating degree days,141.60
2018M10,Podravska (NUTS 2010),Number,Cooling degree days,0.00
2018M10,Koroska (NUTS 2010),Number,Heating degree days,188.38
2018M10,Koroska (NUTS 2010),Number,Cooling degree days,0.00
2018M10,Savinjska (NUTS 2010),Number,Heating degree days,158.40
2018M10,Savinjska (NUTS 2010),Number,Cooling degree days,0.00
2018M10,Zasavska (NUTS 2010),Number,Heating degree days,142.96
2018M10,Zasavska (NUTS 2010),Number,Cooling degree days,0.00
2018M10,Spodnjeposavska (NUTS 2010),Number,Heating degree days,113.50
2018M10,Spodnjeposavska (NUTS 2010),Number,Cooling degree days,0.00
2018M10,Jugovzhodna Slovenija (NUTS 2010),Number,Heating degree days,143.42
2018M10,Jugovzhodna Slovenija (NUTS 2010),Number,Cooling degree days,0.00
2018M10,Notranjsko-kraska (NUTS 2010),Number,Heating degree days,152.48
2018M10,Notranjsko-kraska (NUTS 2010),Number,Cooling degree days,0.00
2018M10,Zahodna Slovenija (NUTS 2010),Number,Heating degree days,146.37
2018M10,Zahodna Slovenija (NUTS 2010),Number,Cooling degree days,0.00
2018M10,Osrednjeslovenska (NUTS 2010),Number,Heating degree days,132.66
2018M10,Osrednjeslovenska (NUTS 2010),Number,Cooling degree days,0.00
2018M10,Gorenjska (NUTS 2010),Number,Heating degree days,185.35
2018M10,Gorenjska (NUTS 2010),Number,Cooling degree days,0.00
2018M10,Goriska (NUTS 2010),Number,Heating degree days,153.85
2018M10,Goriska (NUTS 2010),Number,Cooling degree days,0.00
2018M10,Obalno-kraska (NUTS 2010),Number,Heating degree days,83.07
2018M10,Obalno-kraska (NUTS 2010),Number,Cooling degree days,0.00
2018M11,Slovenija,Number,Heating degree days,316.13
2018M11,Slovenija,Number,Cooling degree days,0.00
2018M11,Vzhodna Slovenija (NUTS 2010),Number,Heating degree days,321.87
2018M11,Vzhodna Slovenija (NUTS 2010),Number,Cooling degree days,0.00
2018M11,Pomurska (NUTS 2010),Number,Heating degree days,323.14
2018M11,Pomurska (NUTS 2010),Number,Cooling degree days,0.00
2018M11,Podravska (NUTS 2010),Number,Heating degree days,313.47
2018M11,Podravska (NUTS 2010),Number,Cooling degree days,0.00
2018M11,Koroska (NUTS 2010),Number,Heating degree days,343.59
2018M11,Koroska (NUTS 2010),Number,Cooling degree days,0.00
2018M11,Savinjska (NUTS 2010),Number,Heating degree days,325.00
2018M11,Savinjska (NUTS 2010),Number,Cooling degree days,0.00
2018M11,Zasavska (NUTS 2010),Number,Heating degree days,311.53
2018M11,Zasavska (NUTS 2010),Number,Cooling degree days,0.00
2018M11,Spodnjeposavska (NUTS 2010),Number,Heating degree days,299.21
2018M11,Spodnjeposavska (NUTS 2010),Number,Cooling degree days,0.00
2018M11,Jugovzhodna Slovenija (NUTS 2010),Number,Heating degree days,322.05
2018M11,Jugovzhodna Slovenija (NUTS 2010),Number,Cooling degree days,0.00
2018M11,Notranjsko-kraska (NUTS 2010),Number,Heating degree days,328.20
2018M11,Notranjsko-kraska (NUTS 2010),Number,Cooling degree days,0.00
2018M11,Zahodna Slovenija (NUTS 2010),Number,Heating degree days,307.42
2018M11,Zahodna Slovenija (NUTS 2010),Number,Cooling degree days,0.00
2018M11,Osrednjeslovenska (NUTS 2010),Number,Heating degree days,303.56
2018M11,Osrednjeslovenska (NUTS 2010),Number,Cooling degree days,0.00
2018M11,Gorenjska (NUTS 2010),Number,Heating degree days,345.69
2018M11,Gorenjska (NUTS 2010),Number,Cooling degree days,0.00
2018M11,Goriska (NUTS 2010),Number,Heating degree days,308.60
2018M11,Goriska (NUTS 2010),Number,Cooling degree days,0.00
2018M11,Obalno-kraska (NUTS 2010),Number,Heating degree days,235.43
2018M11,Obalno-kraska (NUTS 2010),Number,Cooling degree days,0.00
2018M12,Slovenija,Number,Heating degree days,505.68
2018M12,Slovenija,Number,Cooling degree days,0.00
2018M12,Vzhodna Slovenija (NUTS 2010),Number,Heating degree days,510.26
2018M12,Vzhodna Slovenija (NUTS 2010),Number,Cooling degree days,0.00
2018M12,Pomurska (NUTS 2010),Number,Heating degree days,500.74
2018M12,Pomurska (NUTS 2010),Number,Cooling degree days,0.00
2018M12,Podravska (NUTS 2010),Number,Heating degree days,512.64
2018M12,Podravska (NUTS 2010),Number,Cooling degree days,0.00
2018M12,Koroska (NUTS 2010),Number,Heating degree days,555.30
2018M12,Koroska (NUTS 2010),Number,Cooling degree days,0.00
2018M12,Savinjska (NUTS 2010),Number,Heating degree days,526.43
2018M12,Savinjska (NUTS 2010),Number,Cooling degree days,0.00
2018M12,Zasavska (NUTS 2010),Number,Heating degree days,510.90
2018M12,Zasavska (NUTS 2010),Number,Cooling degree days,0.00
2018M12,Spodnjeposavska (NUTS 2010),Number,Heating degree days,481.42
2018M12,Spodnjeposavska (NUTS 2010),Number,Cooling degree days,0.00
2018M12,Jugovzhodna Slovenija (NUTS 2010),Number,Heating degree days,497.60
2018M12,Jugovzhodna Slovenija (NUTS 2010),Number,Cooling degree days,0.00
2018M12,Notranjsko-kraska (NUTS 2010),Number,Heating degree days,497.75
2018M12,Notranjsko-kraska (NUTS 2010),Number,Cooling degree days,0.00
2018M12,Zahodna Slovenija (NUTS 2010),Number,Heating degree days,498.71
2018M12,Zahodna Slovenija (NUTS 2010),Number,Cooling degree days,0.00
2018M12,Osrednjeslovenska (NUTS 2010),Number,Heating degree days,503.11
2018M12,Osrednjeslovenska (NUTS 2010),Number,Cooling degree days,0.00
2018M12,Gorenjska (NUTS 2010),Number,Heating degree days,530.62
2018M12,Gorenjska (NUTS 2010),Number,Cooling degree days,0.00
2018M12,Goriska (NUTS 2010),Number,Heating degree days,498.44
2018M12,Goriska (NUTS 2010),Number,Cooling degree days,0.00
2018M12,Obalno-kraska (NUTS 2010),Number,Heating degree days,422.82
2018M12,Obalno-kraska (NUTS 2010),Number,Cooling degree days,0.00
